fold,w_inner,rho_avg,rho_irt,rho_mirt,rho_adirt,mae_avg,mae_irt,mae_mirt,mae_adirt
1,-0.5,0.795551,0.826154,0.791192,0.845747,0.107524,0.221529,0.303894,0.261125
2,-0.5,0.882241,0.910542,0.784458,0.901305,0.098474,0.192312,0.273184,0.231979
3,-1.0,0.817705,0.852765,0.813564,0.880402,0.108789,0.194217,0.274925,0.232401
4,-1.0,0.795983,0.824042,0.846341,0.809408,0.101603,0.214153,0.300386,0.253462
5,-0.5,0.701581,0.779991,0.640351,0.786866,0.111762,0.204421,0.284725,0.243178
